sample,date,variety,fruit.number,site,mass,tissue,swain.prop,log1.swain,total.fruit,fruit.nh,small,large,seed.number,seed.nh,seed.crush,presence,elevation,day,lat,long,BIO1,BIO12,BIO15
19-1B,5/21/19,yuccanus,52,19-1,26.21,seed,3.85667804,1.580354673,30,26,1,3,50,50,0,1,693,141,35.0541667,-114.2440834,190,160,42
19-1C,5/21/19,yuccanus,18,19-1,18.26,seed,2.86233802,1.351272705,19,6,2,11,44,31,13,1,693,141,35.0541667,-114.2440835,190,160,42
19-1E,5/21/19,yuccanus,11,19-1,43.69,seed,2.36653461,1.21388391,11,5,3,3,50,49,1,1,693,141,35.0541667,-114.2440837,190,160,42
19-1F,5/21/19,yuccanus,8,19-1,24.02,seed,0,0,8,6,0,2,50,46,4,0,693,141,35.0541667,-114.2440838,190,160,42
19-1G,5/21/19,yuccanus,11,19-1,31.93,seed,1.65422584,0.976153026,11,5,2,4,50,50,0,1,693,141,35.0541667,-114.2440839,190,160,42
19-1H,5/21/19,yuccanus,11,19-1,24.81,seed,5.90910215,1.932839694,11,7,1,3,50,42,8,1,693,141,35.0541667,-114.244084,190,160,42
19-1I,5/21/19,yuccanus,24,19-1,32.02,seed,2.65090858,1.294976063,24,7,7,10,50,50,0,1,693,141,35.0541667,-114.2440841,190,160,42
19-1L,5/21/19,yuccanus,8,19-1,24.75,seed,0,0,8,8,0,0,50,29,21,0,693,141,35.0541667,-114.2440844,190,160,42
19-2A,5/21/19,yuccanus,41,19-2,28.04,seed,5.35981174,1.849998776,30,22,0,8,50,50,0,1,968.1,141,34.6887333,-113.67585,165,275,46
19-2B,5/21/19,yuccanus,13,19-2,26.33,seed,0,0,13,6,3,4,32,27,5,0,968.1,141,34.6887333,-113.67586,165,275,46
19-2C,5/21/19,yuccanus,17,19-2,21.72,seed,0,0,19,5,5,9,50,41,9,0,968.1,141,34.6887333,-113.67587,165,275,46
19-2D,5/21/19,yuccanus,14,19-2,23.15,seed,2.82616593,1.341863239,14,6,4,4,41,41,0,1,968.1,141,34.6887333,-113.67588,165,275,46
19-2E,5/21/19,yuccanus,19,19-2,23.35,seed,5.20635604,1.825573935,22,5,2,15,44,44,0,1,968.1,141,34.6887333,-113.67589,165,275,46
19-2F,5/21/19,yuccanus,26,19-2,28.72,seed,14.40045747,2.734397215,26,14,7,5,50,50,0,1,968.1,141,34.6887333,-113.6759,165,275,46
19-2G,5/21/19,yuccanus,25,19-2,30.43,seed,3.58992547,1.523863786,25,13,10,2,50,50,0,1,968.1,141,34.6887333,-113.67591,165,275,46
19-2J,5/21/19,yuccanus,14,19-2,29.24,seed,4.0127914,1.611992926,15,5,1,9,50,47,3,1,968.1,141,34.6887333,-113.67594,165,275,46
19-3A,5/22/19,maricopae,~50,19-3,23.88,seed,0,0,30,30,0,0,50,27,23,0,729.6,142,33.8223833,-111.91755,196,376,45
19-3C,5/22/19,maricopae,~60,19-3,24.19,seed,16.35594353,2.853935014,30,30,0,0,50,48,2,1,729.6,142,33.8223833,-111.91757,196,376,45
19-3D,5/22/19,maricopae,100+,19-3,20.92,seed,0,0,30,30,0,0,50,47,3,0,729.6,142,33.8223833,-111.91758,196,376,45
19-3E,5/22/19,maricopae,15,19-3,18.17,seed,21.90756812,3.131467342,15,15,0,0,50,50,0,1,729.6,142,33.8223833,-111.91759,196,376,45
19-3I,5/22/19,maricopae,100+,19-3,39.26,seed,0,0,30,30,0,0,50,50,0,0,729.6,142,33.8223833,-111.91763,196,376,45
19-3J,5/22/19,maricopae,~40,19-3,27.95,seed,9.92590627,2.391136691,30,30,0,0,50,50,0,1,729.6,142,33.8223833,-111.91764,196,376,45
19-3K,5/22/19,maricopae,~60,19-3,29.52,seed,0,0,30,27,3,0,50,50,0,0,729.6,142,33.8223833,-111.91765,196,376,45
19-3L,5/22/19,maricopae,~40,19-3,29.03,seed,0,0,30,30,0,0,50,43,7,0,729.6,142,33.8223833,-111.91766,196,376,45
19-3M,5/22/19,maricopae,20,19-3,37.6,seed,0,0,19,19,0,0,50,36,14,0,729.6,142,33.8223833,-111.91767,196,376,45
19-3N,5/22/19,maricopae,~50,19-3,28.79,seed,0,0,30,30,0,0,50,29,21,0,729.6,142,33.8223833,-111.91768,196,376,45
19-3O,5/22/19,maricopae,22,19-3,26.17,seed,9.07965672,2.310519207,20,20,0,0,50,48,2,1,729.6,142,33.8223833,-111.91769,196,376,45
19-3Z,5/22/19,maricopae,~50,19-3,26.26,seed,0,0,30,30,0,0,50,50,0,0,729.6,142,33.8223833,-111.9177,196,376,45
19-3AA,5/22/19,maricopae,43,19-3,27.9,seed,0,0,30,30,0,0,50,44,6,0,729.6,142,33.8223833,-111.9177,196,376,45
19-4A,5/23/19,maricopae,~50,19-4,24.37,seed,7.03781212,2.084156922,30,30,0,0,50,49,1,1,741.2,143,33.7912167,-111.900133,195,382,46
19-4B,5/23/19,maricopae,~50,19-4,26.22,seed,15.289292,2.790507959,30,30,0,0,50,50,0,1,741.2,143,33.7912167,-111.900134,195,382,46
19-4C,5/23/19,maricopae,20,19-4,30.37,seed,8.02087125,2.19954092,20,20,0,0,50,34,16,1,741.2,143,33.7912167,-111.900135,195,382,46
19-4D,5/23/19,maricopae,~70,19-4,34.54,seed,16.7869489,2.878464981,30,30,0,0,50,45,5,1,741.2,143,33.7912167,-111.900136,195,382,46
19-4E,5/23/19,maricopae,~50,19-4,32.9,seed,14.96988441,2.770704724,30,30,0,0,50,49,1,1,741.2,143,33.7912167,-111.900137,195,382,46
19-4F,5/23/19,maricopae,~40,19-4,35.83,seed,14.31979103,2.729145524,30,30,0,0,50,37,13,1,741.2,143,33.7912167,-111.900138,195,382,46
19-4G,5/23/19,maricopae,~70,19-4,25.93,seed,21.24469895,3.102103731,30,30,0,0,50,50,0,1,741.2,143,33.7912167,-111.900139,195,382,46
19-4H,5/23/19,maricopae,26,19-4,20.41,seed,0,0,28,28,0,0,50,50,0,0,741.2,143,33.7912167,-111.90014,195,382,46
19-4I,5/23/19,maricopae,30,19-4,27.32,seed,7.60019029,2.15178433,27,26,0,1,50,30,20,1,741.2,143,33.7912167,-111.900141,195,382,46
19-4J,5/23/19,maricopae,~40,19-4,27.35,seed,13.76421618,2.692206427,30,27,1,2,50,41,9,1,741.2,143,33.7912167,-111.900142,195,382,46
19-4K,5/23/19,maricopae,37,19-4,42.45,seed,4.3614268,1.679230134,30,30,0,0,50,50,0,1,741.2,143,33.7912167,-111.900143,195,382,46
19-4L,5/23/19,maricopae,39,19-4,36.11,seed,0,0,30,30,0,0,50,48,2,0,741.2,143,33.7912167,-111.900144,195,382,46
19-5A,5/23/19,yuccanus,22,19-5,43.36,seed,2.63031608,1.289319719,22,19,3,0,50,49,1,1,820.7,143,34.4713833,-113.214083,172,314,45
19-5D,5/23/19,yuccanus,~70,19-5,34.14,seed,4.15436701,1.639844318,30,23,5,2,50,46,4,1,820.7,143,34.4713833,-113.214086,172,314,45
19-5F,5/23/19,yuccanus,~70,19-5,28.5,seed,4.85494229,1.76728614,30,28,2,0,50,50,0,1,820.7,143,34.4713833,-113.214088,172,314,45
19-5G,5/23/19,yuccanus,38,19-5,34.22,seed,1.237025,0.805146858,30,26,0,4,50,50,0,1,820.7,143,34.4713833,-113.214089,172,314,45
19-5H,5/23/19,yuccanus,13,19-5,28.47,seed,2.27067845,1.18499744,16,15,0,1,50,49,1,1,820.7,143,34.4713833,-113.21409,172,314,45
19-5L,5/23/19,yuccanus,11,19-5,34.82,seed,0,0,11,11,0,0,50,49,1,0,820.7,143,34.4713833,-113.214094,172,314,45
19-5M,5/23/19,yuccanus,12,19-5,36.8,seed,1.41374294,0.88117863,12,12,0,0,50,50,0,1,820.7,143,34.4713833,-113.214095,172,314,45
19-5N,5/23/19,yuccanus,28,19-5,40.37,seed,0.10052176,0.095784395,28,14,7,7,50,39,11,1,820.7,143,34.4713833,-113.214096,172,314,45
19-5O,5/23/19,yuccanus,~50,19-5,36.42,seed,0,0,30,20,10,0,50,46,4,0,820.7,143,34.4713833,-113.214097,172,314,45
19-5P,5/23/19,yuccanus,~50,19-5,28.1,seed,2.24946861,1.178491478,30,28,2,0,50,50,0,1,820.7,143,34.4713833,-113.214098,172,314,45
19-5Q,5/23/19,yuccanus,52,19-5,37.52,seed,0.49755275,0.403832276,30,28,1,1,50,50,0,1,820.7,143,34.4713833,-113.214099,172,314,45
19-5R,5/23/19,yuccanus,40,19-5,33.38,seed,0,0,30,25,5,1,50,50,0,0,820.7,143,34.4713833,-113.2141,172,314,45
19-5S,5/23/19,yuccanus,~40,19-5,32.03,seed,4.08659123,1.626607907,30,18,12,0,39,35,1,1,820.7,143,34.4713833,-113.214101,172,314,45
19-5T,5/23/19,yuccanus,31,19-5,27.88,seed,0,0,30,22,8,0,50,49,1,0,820.7,143,34.4713833,-113.214102,172,314,45
19-6B,5/23/19,yuccanus,~100,19-6,30.14,seed,0,0,30,26,1,3,50,50,0,0,940.8,143,34.5193333,-113.135018,164,347,46
19-6D,5/23/19,yuccanus,35,19-6,26.39,seed,0.61241671,0.477734116,30,21,1,8,50,48,2,1,940.8,143,34.5193333,-113.13502,164,347,46
19-6F,5/23/19,yuccanus,23,19-6,21.89,seed,0,0,21,9,7,5,50,32,18,0,940.8,143,34.5193333,-113.135022,164,347,46
19-6G,5/23/19,yuccanus,100+,19-6,27.87,seed,0,0,30,13,10,7,50,39,11,0,940.8,143,34.5193333,-113.135023,164,347,46
19-6H,5/23/19,yuccanus,100+,19-6,35.11,seed,1.14865558,0.764842335,30,17,10,3,50,42,8,1,940.8,143,34.5193333,-113.135024,164,347,46
19-6I,5/23/19,yuccanus,24,19-6,30.1,seed,1.56109367,0.940434382,26,10,13,3,50,30,20,1,940.8,143,34.5193333,-113.135025,164,347,46
19-8J,5/24/19,borreganus,12,19-8,46.08,seed,0,0,13,0,10,3,50,21,29,0,68,144,32.7558833,-114.83854,225,65,59
19-8S,5/24/19,borreganus,26,19-8,44.92,seed,1.27589475,0.822373272,27,5,14,8,50,23,27,1,68,144,32.7558833,-114.83863,225,65,59
19-8W,5/24/19,borreganus,40-50,19-8,31.62,seed,1.37487856,0.864946304,30,11,17,2,50,34,16,1,68,144,32.7558833,-114.83867,225,65,59
19-9A,5/25/19,australis,~80,19-9,46.75,seed,0,0,30,28,0,2,50,50,0,0,752.9,145,32.3233833,-111.1606,199,339,60
19-9B,5/25/19,australis,21,19-9,46.74,seed,0,0,21,18,0,3,50,49,1,0,752.9,145,32.3233833,-111.1607,199,339,60
19-9D,5/25/19,australis,~60,19-9,37.13,seed,3.29050323,1.456404029,30,29,0,1,50,50,0,1,752.9,145,32.3233833,-111.1609,199,339,60
19-9F,5/25/19,australis,100+,19-9,41.53,seed,5.98840556,1.944252427,30,26,0,4,50,50,0,1,752.9,145,32.3233833,-111.1611,199,339,60
19-9G,5/25/19,australis,100+,19-9,49.28,seed,0,0,30,26,1,3,50,50,0,0,752.9,145,32.3233833,-111.1612,199,339,60
19-9H,5/25/19,australis,100+,19-9,40.17,seed,0,0,30,24,2,4,50,50,0,0,752.9,145,32.3233833,-111.1613,199,339,60
19-9I,5/25/19,australis,19,19-9,23.11,seed,3.5473191,1.514537851,19,18,0,1,50,50,0,1,752.9,145,32.3233833,-111.1614,199,339,60
19-9J,5/25/19,australis,~40,19-9,41.89,seed,0,0,30,29,0,1,50,50,0,0,752.9,145,32.3233833,-111.1615,199,339,60
19-9K,5/25/19,australis,~50,19-9,43.6,seed,0,0,30,24,3,3,50,47,3,0,752.9,145,32.3233833,-111.1616,199,339,60
19-9L,5/25/19,australis,100+,19-9,47.88,seed,3.18947078,1.43257442,30,26,3,1,50,49,1,1,752.9,145,32.3233833,-111.1617,199,339,60
19-9M,5/25/19,australis,24,19-9,39.2,seed,2.72484879,1.315026258,25,23,2,0,50,50,0,1,752.9,145,32.3233833,-111.1618,199,339,60
19-9N,5/25/19,australis,9,19-9,32.48,seed,0,0,9,7,1,1,20,20,0,0,752.9,145,32.3233833,-111.1619,199,339,60
19-9O,5/25/19,australis,8,19-9,43.61,seed,1.42964495,0.887745136,9,7,0,2,50,50,0,1,752.9,145,32.3233833,-111.162,199,339,60
19-9P,5/25/19,australis,12,19-9,39.19,seed,3.73929104,1.555887555,9,9,0,0,50,50,0,1,752.9,145,32.3233833,-111.1621,199,339,60
19-9Q,5/25/19,australis,15,19-9,48.89,seed,0,0,13,8,0,5,50,49,1,0,752.9,145,32.3233833,-111.1622,199,339,60
19-9R,5/25/19,australis,~50,19-9,45.14,seed,1.3930507,0.872568995,30,27,1,2,50,49,1,1,752.9,145,32.3233833,-111.1623,199,339,60
19-9S,5/25/19,australis,~40,19-9,42.5,seed,3.7638743,1.561061266,30,27,1,2,50,50,0,1,752.9,145,32.3233833,-111.1624,199,339,60
19-9T,5/25/19,australis,32,19-9,30.57,seed,2.85049684,1.348202189,30,27,3,0,50,50,0,1,752.9,145,32.3233833,-111.1625,199,339,60
19-10A,5/25/19,australis,56,19-10,27.61,seed,6.816673,2.056259016,30,28,1,1,50,42,8,1,994.5,145,32.02535,-111.559233,181,399,68
19-10B,5/25/19,australis,~40,19-10,36.03,seed,7.07106048,2.088284884,30,24,3,3,50,50,0,1,994.5,145,32.02535,-111.559234,181,399,68
19-10C,5/25/19,australis,18,19-10,36.29,seed,8.91270003,2.293816766,16,14,2,0,50,43,7,1,994.5,145,32.02535,-111.559235,181,399,68
19-10D,5/25/19,australis,14,19-10,41.34,seed,2.92186165,1.366566452,14,11,0,3,50,42,8,1,994.5,145,32.02535,-111.559236,181,399,68
19-10F,5/25/19,australis,~50,19-10,42.03,seed,6.50442253,2.015492517,30,23,3,4,50,49,1,1,994.5,145,32.02535,-111.559238,181,399,68
19-10G,5/25/19,australis,~70,19-10,43.91,seed,2.45865547,1.240879921,30,21,4,5,50,46,4,1,994.5,145,32.02535,-111.559239,181,399,68
19-10I,5/25/19,australis,~70,19-10,37.88,seed,4.42143611,1.690360745,30,26,3,1,50,50,0,1,994.5,145,32.02535,-111.559241,181,399,68
19-11A,5/26/19,maricopae,8,19-11,32.97,seed,0,0,8,8,0,0,50,35,15,0,768.1,146,33.8020167,-111.891067,192,402,45
19-11B,5/26/19,maricopae,21,19-11,33.24,seed,8.40634578,2.241384544,21,21,0,0,50,50,0,1,768.1,146,33.8020167,-111.891068,192,402,45
19-11C,5/26/19,maricopae,10,19-11,28.41,seed,7.63366673,2.155669297,10,10,0,0,50,50,0,1,768.1,146,33.8020167,-111.891069,192,402,45
19-11D,5/26/19,maricopae,40-50,19-11,42.05,seed,10.54699668,2.446425375,30,30,0,0,50,50,0,1,768.1,146,33.8020167,-111.89107,192,402,45
19-14A,5/27/19,borreganus,33,19-14,33.34,seed,0.86733223,0.624510797,30,29,0,1,50,10,40,1,209.4,147,33.30165,-116.266333,218,138,58
19-14D,5/27/19,borreganus,11,19-14,32.89,seed,0,0,11,10,0,1,50,48,2,0,209.4,147,33.30165,-116.266336,218,138,58
19-14F,5/27/19,borreganus,22,19-14,30.07,seed,1.94559774,1.080311764,21,19,0,2,50,50,0,1,209.4,147,33.30165,-116.266338,218,138,58
19-15A,6/2/19,variabilis,20-50,19-15,47.44,seed,0.42522726,0.354331282,30,30,0,0,50,50,0,1,872,153,34.5334167,-116.945083,168,213,61
19-17A,6/3/19,borreganus,20-10,19-17,42.41,seed,1.67848965,0.985253072,30,29,0,1,50,35,15,1,765.3,154,34.8879167,-115.721467,195,129,49
19-17C,6/3/19,borreganus,<10,19-17,49.89,seed,0.74325184,0.555752243,15,15,0,0,34,23,11,1,765.3,154,34.8879167,-115.721469,195,129,49
19-17D,6/3/19,borreganus,20-50,19-17,40.95,seed,0.87822657,0.630328018,30,28,0,2,50,36,14,1,765.3,154,34.8879167,-115.72147,195,129,49
19-17E,6/3/19,borreganus,20-50,19-17,44.78,seed,0.39526815,0.333086619,30,23,4,3,50,30,20,1,765.3,154,34.8879167,-115.721471,195,129,49
19-17F,6/3/19,borreganus,20-10,19-17,37.62,seed,0.72069332,0.542727303,18,18,0,0,15,6,9,1,765.3,154,34.8879167,-115.721472,195,129,49
19-17H,6/3/19,borreganus,20-10,19-17,47.71,seed,0.97601454,0.681081958,25,20,1,4,50,16,34,1,765.3,154,34.8879167,-115.721474,195,129,49
19-17I,6/3/19,borreganus,20-50,19-17,36.3,seed,0.78648212,0.58024839,30,25,0,5,50,49,1,1,765.3,154,34.8879167,-115.721475,195,129,49
19-17J,6/3/19,borreganus,20-10,19-17,33.87,seed,0.74311719,0.555674999,20,18,0,2,42,36,6,1,765.3,154,34.8879167,-115.721476,195,129,49
19-17L,6/3/19,borreganus,20-10,19-17,35.58,seed,0.9207359,0.652708394,30,30,0,0,50,48,2,1,765.3,154,34.8879167,-115.721478,195,129,49
19-17M,6/3/19,borreganus,20-10,19-17,46.05,seed,1.61701758,0.962035341,15,13,0,2,50,42,8,1,765.3,154,34.8879167,-115.721479,195,129,49
19-17N,6/3/19,borreganus,50-100,19-17,48.55,seed,0.84194856,0.610824011,30,27,0,3,50,44,6,1,765.3,154,34.8879167,-115.72148,195,129,49
19-17O,6/3/19,borreganus,20-50,19-17,27.49,seed,0.77086845,0.571470076,30,29,0,1,50,47,3,1,765.3,154,34.8879167,-115.721481,195,129,49
19-17P,6/3/19,borreganus,20-10,19-17,41.68,seed,0.54101855,0.432443594,20,19,0,1,50,48,2,1,765.3,154,34.8879167,-115.721482,195,129,49
19-17Q,6/3/19,borreganus,20-50,19-17,34.99,seed,0.99880622,0.692550112,30,30,0,0,50,39,11,1,765.3,154,34.8879167,-115.721483,195,129,49
19-17R,6/3/19,borreganus,20-10,19-17,38.56,seed,0,0,20,20,0,0,50,48,2,0,765.3,154,34.8879167,-115.721484,195,129,49
19-17S,6/3/19,borreganus,20-10,19-17,41.59,seed,0.61842203,0.481451619,12,12,0,0,50,49,1,1,765.3,154,34.8879167,-115.721485,195,129,49
19-17T,6/3/19,borreganus,20-10,19-17,38.66,seed,1.72529084,1.002575153,30,27,1,2,50,34,16,1,765.3,154,34.8879167,-115.721486,195,129,49
19-17U,6/3/19,borreganus,<10,19-17,47.44,seed,2.9213923,1.366446769,10,10,0,0,37,37,0,1,765.3,154,34.8879167,-115.721487,195,129,49
19-17V,6/3/19,borreganus,20-10,19-17,48.18,seed,0.66620554,0.510548909,30,27,0,3,50,40,10,1,765.3,154,34.8879167,-115.721488,195,129,49
19-17W,6/3/19,borreganus,20-10,19-17,41.49,seed,0.7070564,0.534770484,27,25,1,1,50,35,15,1,765.3,154,34.8879167,-115.721489,195,129,49
19-17X,6/3/19,borreganus,20-10,19-17,46.28,seed,1.1532545,0.766980419,25,25,0,0,18,15,3,1,765.3,154,34.8879167,-115.72149,195,129,49
19-17Y,6/3/19,borreganus,20-50,19-17,40.98,seed,2.38047551,1.218016383,30,28,0,2,50,27,23,1,765.3,154,34.8879167,-115.721491,195,129,49
19-19A,6/4/19,fremontii,20-10,19-19,36.65,seed,1.87554341,1.056241669,17,14,0,3,50,44,6,1,1138.1,155,34.7554833,-115.646217,170,227,47
19-19C,6/4/19,fremontii,<10,19-19,26.8,seed,5.59554127,1.886393856,4,4,0,0,15,14,1,1,1138.1,155,34.7554833,-115.646219,170,227,47
19-19F,6/4/19,fremontii,20-50,19-19,39.56,seed,4.21625538,1.651779784,30,30,0,0,50,40,10,1,1138.1,155,34.7554833,-115.646223,170,227,47
19-20A,6/4/19,fremontii,20-10,19-20,19.24,seed,6.00040233,1.945967623,16,12,0,4,26,26,0,1,1178.9,155,34.76425,-115.636717,170,227,47
19-20B,6/4/19,fremontii,20-50,19-20,34.41,seed,0,0,26,22,1,3,50,50,0,0,1178.9,155,34.76425,-115.636718,170,227,47
19-20C,6/4/19,fremontii,20-10,19-20,23.96,seed,6.23095707,1.978371402,13,10,2,1,50,50,0,1,1178.9,155,34.76425,-115.636719,170,227,47
19-20D,6/4/19,fremontii,50-100,19-20,29.41,seed,1.60150012,0.956088248,30,25,0,5,50,47,3,1,1178.9,155,34.76425,-115.63672,170,227,47
19-20E,6/4/19,fremontii,20-10,19-20,16.76,seed,0,0,16,9,1,6,34,32,2,0,1178.9,155,34.76425,-115.636721,170,227,47
19-21C,6/5/19,borreganus,20-10,19-21,23.52,seed,1.35746172,0.857585498,30,28,0,2,50,41,9,1,233.6,156,34.0984833,-115.004885,230,88,46
19-21E,6/5/19,borreganus,20-10,19-21,16.38,seed,3.35184119,1.470599018,17,11,3,3,50,43,7,1,233.6,156,34.0984833,-115.004883,230,88,46
19-22A,6/6/19,fremontii,30,19-22,33.35,seed,2.89930512,1.360798363,30,24,3,3,50,46,4,1,1495,157,35.2862833,-115.245817,148,248,44
19-22B,6/6/19,fremontii,45,19-22,24.95,seed,3.57908495,1.521499186,30,13,6,11,50,50,0,1,1495,157,35.2862833,-115.245818,148,248,44
19-22C,6/6/19,fremontii,~70,19-22,18.89,seed,0,0,30,27,0,3,50,40,10,0,1495,157,35.2862833,-115.245819,148,248,44
19-22E,6/6/19,fremontii,8,19-22,18.43,seed,0,0,9,8,0,1,32,3,29,0,1495,157,35.2862833,-115.245821,148,248,44
19-22H,6/6/19,fremontii,46,19-22,24.49,seed,3.68665126,1.54471831,30,12,12,6,50,46,4,1,1495,157,35.2862833,-115.245824,148,248,44
19-22J,6/6/19,fremontii,14,19-22,20.54,seed,6.38516669,1.999473487,14,12,2,0,50,47,3,1,1495,157,35.2862833,-115.245826,148,248,44
19-22K,6/6/19,fremontii,27,19-22,19.57,seed,8.30289363,2.230325495,24,18,2,4,50,38,12,1,1495,157,35.2862833,-115.245827,148,248,44
19-22L,6/6/19,fremontii,20-50,19-22,36.45,seed,2.57287931,1.2733718,30,12,7,11,50,39,11,1,1495,157,35.2862833,-115.245828,148,248,44
19-22M,6/6/19,fremontii,~100,19-22,28.39,seed,5.44046237,1.862600334,30,15,5,10,50,49,1,1,1495,157,35.2862833,-115.245829,148,248,44
19-22N,6/6/19,fremontii,~60,19-22,32.11,seed,5.6964874,1.90158312,30,13,10,7,50,44,6,1,1495,157,35.2862833,-115.24583,148,248,44
19-22O,6/6/19,fremontii,~90,19-22,21.17,seed,4.48331536,1.701709911,30,23,2,5,50,50,0,1,1495,157,35.2862833,-115.245831,148,248,44
19-22P,6/6/19,fremontii,~50,19-22,33.94,seed,2.11414952,1.135956088,30,17,11,2,50,48,2,1,1495,157,35.2862833,-115.245832,148,248,44
19-22Q,6/6/19,fremontii,~50,19-22,28.99,seed,1.8614967,1.05134481,30,16,9,5,50,47,3,1,1495,157,35.2862833,-115.245833,148,248,44
19-23C,6/7/19,fremontii,32,19-23,30.68,seed,3.03372905,1.394691271,28,20,4,4,50,37,13,1,1062.1,158,35.7183833,-115.807435,161,155,42
19-23D,6/7/19,fremontii,4,19-23,30.16,seed,5.70440567,1.902764873,4,4,0,0,44,38,6,1,1062.1,158,35.7183833,-115.807436,161,155,42
19-23F,6/7/19,fremontii,4,19-23,33.58,seed,0,0,4,2,2,0,31,27,4,0,1062.1,158,35.7183833,-115.807438,161,155,42
19-23H,6/7/19,fremontii,9,19-23,32.89,seed,7.32425858,2.119173972,11,6,1,4,31,23,8,1,1062.1,158,35.7183833,-115.80744,161,155,42
19-25A,6/8/19,variabilis,20-50,19-25,35.59,seed,6.23772021,1.979306269,30,26,3,1,50,1,49,1,1843.1,159,35.6725833,-118.018317,114,354,72
19-25B,6/8/19,variabilis,20-10,19-25,45.36,seed,7.08650262,2.090196329,24,19,3,2,50,43,7,1,1843.1,159,35.6725833,-118.018318,114,354,72
19-25C,6/8/19,variabilis,20-50,19-25,30.39,seed,2.11291409,1.135559294,24,15,5,4,50,22,28,1,1843.1,159,35.6725833,-118.018319,114,354,72
19-25D,6/8/19,variabilis,20-10,19-25,46.66,seed,3.50592999,1.505394305,11,11,0,0,44,37,7,1,1843.1,159,35.6725833,-118.01832,114,354,72
19-25E,6/8/19,variabilis,20-10,19-25,48.78,seed,0,0,20,18,0,2,50,39,11,0,1843.1,159,35.6725833,-118.018321,114,354,72
19-25F,6/8/19,variabilis,20-50,19-25,49.44,seed,0,0,30,23,2,5,50,43,7,0,1843.1,159,35.6725833,-118.018322,114,354,72
19-25G,6/8/19,variabilis,20-10,19-25,44.83,seed,2.76075009,1.32461843,15,14,0,1,50,50,0,1,1843.1,159,35.6725833,-118.018323,114,354,72
19-25H,6/8/19,variabilis,20-10,19-25,45.73,seed,3.24469459,1.445669871,25,16,6,3,50,50,0,1,1843.1,159,35.6725833,-118.018324,114,354,72
19-25I,6/8/19,variabilis,20-50,19-25,34.92,seed,4.83568103,1.763990974,30,26,1,3,50,22,28,1,1843.1,159,35.6725833,-118.018325,114,354,72
19-25J,6/8/19,variabilis,20-10,19-25,36.39,seed,1.85151311,1.047849769,25,23,0,2,30,12,18,1,1843.1,159,35.6725833,-118.018326,114,354,72
19-25K,6/8/19,variabilis,20-10,19-25,25.36,seed,0,0,19,17,1,1,50,32,18,0,1843.1,159,35.6725833,-118.018327,114,354,72
19-25L,6/8/19,variabilis,20-50,19-25,26.72,seed,0,0,30,30,0,0,50,37,13,0,1843.1,159,35.6725833,-118.018328,114,354,72
19-25M,6/8/19,variabilis,20-10,19-25,34.46,seed,2.83737818,1.344789368,15,11,3,1,50,39,11,1,1843.1,159,35.6725833,-118.018329,114,354,72
19-27A,6/9/19,variabilis,20-50,19-27,36.97,seed,2.68061378,1.303079526,27,16,8,3,50,37,13,1,1107.9,160,36.29841667,-117.9745278,154,190,68
19-27P,6/9/19,variabilis,20-10,19-27,47.52,seed,1.33748201,0.849074286,21,8,11,2,50,39,11,1,1107.9,160,36.29841667,-117.9745278,154,190,68
19-27R,6/9/19,variabilis,20-10,19-27,44.74,seed,0.2223049,0.200738339,18,12,6,0,50,47,3,1,1107.9,160,36.29841667,-117.9745278,154,190,68
19-27C,6/9/19,variabilis,20-50,19-27,23.79,seed,0.58368446,0.459754069,30,9,20,1,50,47,3,1,1107.9,160,36.29841667,-117.9745278,154,190,68
19-27D,6/9/19,variabilis,20-50,19-27,49.25,seed,0.10493074,0.099782654,30,10,14,6,50,48,2,1,1107.9,160,36.29841667,-117.9745278,154,190,68
19-27E,6/9/19,variabilis,20-50,19-27,43.58,seed,0.21982068,0.198703864,30,7,22,1,32,25,7,1,1107.9,160,36.29841667,-117.9745278,154,190,68
19-27G,6/9/19,variabilis,20-50,19-27,42.66,seed,0.24979607,0.222980394,24,14,6,4,50,46,4,1,1107.9,160,36.29841667,-117.9745279,154,190,68
19-27H,6/9/19,variabilis,20-50,19-27,48.98,seed,0.26401742,0.234295077,30,10,15,5,50,50,0,1,1107.9,160,36.29841667,-117.9745279,154,190,68
19-27I,6/9/19,variabilis,20-50,19-27,44.59,seed,0.19151777,0.175227931,30,11,18,1,50,50,0,1,1107.9,160,36.29841667,-117.9745279,154,190,68
19-27L,6/9/19,variabilis,20-50,19-27,43.52,seed,0.1282664,0.120682295,30,6,22,2,50,50,0,1,1107.9,160,36.29841667,-117.9745279,154,190,68
19-27N,6/9/19,variabilis,20-50,19-27,46.42,seed,0.81741476,0.59741503,30,8,13,9,50,50,0,1,1107.9,160,36.29841667,-117.9745279,154,190,68
19-27O,6/9/19,variabilis,50,19-27,48.41,seed,1.532883,0.92935818,30,16,13,1,50,49,1,1,1107.9,160,36.29841667,-117.9745279,154,190,68
19-27S,6/9/19,variabilis,20-50,19-27,36.41,seed,0.45647693,0.376020458,30,2,28,0,50,48,2,1,1107.9,160,36.29841667,-117.974528,154,190,68
19-29A,6/10/19,nigricalycis,20-50,19-29,34.38,seed,4.10614475,1.630444667,30,23,5,2,50,42,8,1,177.2,161,35.3569333,-119.59275,168,200,81
19-29B,6/10/19,nigricalycis,20-50,19-29,28.85,seed,3.10171,1.41140396,30,15,14,1,50,44,6,1,177.2,161,35.3569333,-119.59276,168,200,81
19-30B,6/11/19,nigricalycis,20-10,19-30,48.72,seed,2.131771,1.141598659,30,17,5,8,50,45,5,1,273.9,162,35.1033667,-119.4185,168,264,81
19-30C,6/11/19,nigricalycis,20-50,19-30,35.36,seed,3.03478983,1.394954214,30,3,24,3,50,13,37,1,273.9,162,35.1033667,-119.4186,168,264,81
19-30D,6/11/19,nigricalycis,20-50,19-30,40.37,seed,4.89776425,1.774573338,30,12,15,3,50,32,18,1,273.9,162,35.1033667,-119.4187,168,264,81
19-30E,6/11/19,nigricalycis,20-50,19-30,38.68,seed,4.35015644,1.677125802,30,21,8,1,50,33,17,1,273.9,162,35.1033667,-119.4188,168,264,81
19-30F,6/11/19,nigricalycis,20-50,19-30,43.27,seed,3.93857686,1.597077205,30,10,18,2,50,42,8,1,273.9,162,35.1033667,-119.4189,168,264,81
19-30G,6/11/19,nigricalycis,20-50,19-30,40.84,seed,5.16220609,1.818434845,30,28,1,1,50,47,3,1,273.9,162,35.1033667,-119.419,168,264,81
19-30H,6/11/19,nigricalycis,20-50,19-30,38.6,seed,4.48920209,1.702782906,30,12,16,2,50,37,13,1,273.9,162,35.1033667,-119.4191,168,264,81
19-30I,6/11/19,nigricalycis,24,19-30,44.74,seed,0.9610757,0.673493149,25,18,5,2,50,50,0,1,273.9,162,35.1033667,-119.4192,168,264,81
19-33A,6/12/19,nigricalycis,15,19-33,42.83,seed,1.11364933,0.748415994,17,9,4,4,50,42,8,1,469.1,163,34.9387833,-118.9338,163,338,82
19-33B,6/12/19,nigricalycis,26,19-33,39.56,seed,0,0,30,14,13,3,50,38,12,0,469.1,163,34.9387833,-118.9339,163,338,82
19-33C,6/12/19,nigricalycis,22,19-33,34.52,seed,0,0,22,8,11,3,50,26,24,0,469.1,163,34.9387833,-118.934,163,338,82
19-33D,6/12/19,nigricalycis,13,19-33,49.92,seed,0.20803571,0.18899566,14,12,0,2,50,48,2,1,469.1,163,34.9387833,-118.9341,163,338,82
19-33E,6/12/19,nigricalycis,37,19-33,40.23,seed,0,0,30,13,16,1,50,43,7,0,469.1,163,34.9387833,-118.9342,163,338,82
19-34A,6/12/19,variabilis,22,19-34,37.8,seed,0,0,23,22,0,1,50,50,0,0,719.8,163,34.7458667,-118.24155,161,207,86
19-34D,6/12/19,variabilis,20-50,19-34,31.94,seed,1.36862568,0.862309905,30,30,0,0,50,48,2,1,719.8,163,34.7458667,-118.24156,161,207,86
19-34B,6/12/19,variabilis,23,19-34,37.09,seed,0,0,23,20,0,3,50,41,9,0,719.8,163,34.7458667,-118.24157,161,207,86
19-34C,6/12/19,variabilis,20-50,19-34,27.25,seed,2.29781351,1.193259676,30,29,0,1,50,50,0,1,719.8,163,34.7458667,-118.24158,161,207,86
19-34E,6/12/19,variabilis,20-50,19-34,42.42,seed,0,0,30,30,0,0,50,49,1,0,719.8,163,34.7458667,-118.24159,161,207,86
19-35J,6/13/19,variabilis,48,19-35,40.98,seed,0,0,30,30,0,0,50,50,0,0,971.8,164,34.4992833,-117.41055,152,294,77
19-35I,6/13/19,variabilis,41,19-35,42.38,seed,3.66728967,1.540578533,30,30,0,0,50,50,0,1,971.8,164,34.4992833,-117.41056,152,294,77
19-35C,6/13/19,variabilis,36,19-35,41.67,seed,2.37159965,1.215387305,30,28,1,1,50,50,0,1,971.8,164,34.4992833,-117.41057,152,294,77
19-35A,6/13/19,variabilis,20,19-35,44.31,seed,1.76982675,1.018784773,20,18,0,2,50,50,0,1,971.8,164,34.4992833,-117.41058,152,294,77
19-35H,6/13/19,variabilis,~50,19-35,25.19,seed,6.75927359,2.04888872,30,27,1,2,50,50,0,1,971.8,164,34.4992833,-117.41059,152,294,77
19-35D,6/13/19,variabilis,~60,19-35,41.46,seed,5.40355621,1.856853494,30,28,0,2,50,50,0,1,971.8,164,34.4992833,-117.4106,152,294,77
19-35B,6/13/19,variabilis,40,19-35,38.74,seed,2.93243417,1.369258616,30,26,0,4,50,50,0,1,971.8,164,34.4992833,-117.41061,152,294,77
19-35E,6/13/19,variabilis,49,19-35,40.52,seed,1.59953571,0.955332856,30,24,0,6,50,50,0,1,971.8,164,34.4992833,-117.41062,152,294,77
19-35G,6/13/19,variabilis,53,19-35,32.7,seed,2.16878827,1.153349266,30,28,1,1,50,50,0,1,971.8,164,34.4992833,-117.41063,152,294,77
19-35F,6/13/19,variabilis,45,19-35,44.27,seed,2.082862,1.125858386,30,30,0,0,50,50,0,1,971.8,164,34.4992833,-117.41064,152,294,77
19-36D,6/13/19,antonius,20-50,19-36,41.47,seed,0,0,30,24,5,1,50,46,4,0,1708.1,164,34.3579167,-117.60835,99,764,84
19-36C,6/13/19,antonius,20-50,19-36,36.78,seed,0,0,30,22,8,0,50,50,0,0,1708.1,164,34.3579167,-117.60836,99,764,84
19-36B,6/13/19,antonius,31,19-36,29.87,seed,0,0,30,17,7,6,50,50,0,0,1708.1,164,34.3579167,-117.60837,99,764,84
19-36O,6/13/19,antonius,32,19-36,28.35,seed,0,0,30,29,1,0,38,36,2,0,1708.1,164,34.3579167,-117.60838,99,764,84
19-36A,6/13/19,antonius,22,19-36,25.72,seed,0,0,22,17,3,2,50,50,0,0,1708.1,164,34.3579167,-117.60839,99,764,84
19-36I,6/13/19,antonius,20-50,19-36,31.24,seed,0,0,30,16,7,7,50,42,8,0,1708.1,164,34.3579167,-117.6084,99,764,84
19-36J,6/13/19,antonius,44,19-36,26.11,seed,0,0,30,24,3,3,50,50,0,0,1708.1,164,34.3579167,-117.60841,99,764,84
19-36L,6/13/19,antonius,37,19-36,31.21,seed,0,0,30,23,3,4,50,48,2,0,1708.1,164,34.3579167,-117.60843,99,764,84
19-36E,6/13/19,antonius,20-50,19-36,29.79,seed,0,0,30,16,10,4,11,11,0,0,1708.1,164,34.3579167,-117.60844,99,764,84
19-36M,6/13/19,antonius,20-50,19-36,30.48,seed,0,0,30,28,2,0,50,49,1,0,1708.1,164,34.3579167,-117.60845,99,764,84
19-39C,6/14/19,antonius,30,19-39,22.2,seed,0,0,28,25,0,3,50,50,0,0,1701.4,165,34.3583667,-117.607367,99,764,84
19-39B,6/14/19,antonius,44,19-39,21.74,seed,0,0,30,25,0,5,50,50,0,0,1701.4,165,34.3583667,-117.607368,99,764,84
19-39E,6/14/19,antonius,33,19-39,31.6,seed,0,0,30,30,0,0,50,50,0,0,1701.4,165,34.3583667,-117.607369,99,764,84
19-39I,6/14/19,antonius,31,19-39,27.61,seed,0,0,30,26,2,2,50,50,0,0,1701.4,165,34.3583667,-117.60737,99,764,84
19-39A,6/14/19,antonius,41,19-39,24.9,seed,0,0,30,26,2,2,50,50,0,0,1701.4,165,34.3583667,-117.607371,99,764,84
19-39D,6/14/19,antonius,37,19-39,25.91,seed,0,0,30,25,4,1,50,46,4,0,1701.4,165,34.3583667,-117.607372,99,764,84
19-39F,6/14/19,antonius,51,19-39,23.15,seed,0,0,30,28,1,1,50,48,2,0,1701.4,165,34.3583667,-117.607373,99,764,84
19-39H,6/14/19,antonius,53,19-39,21.89,seed,0,0,30,23,0,7,50,50,0,0,1701.4,165,34.3583667,-117.607374,99,764,84
19-39G,6/14/19,antonius,29,19-39,30.24,seed,0,0,30,20,1,9,50,50,0,0,1701.4,165,34.3583667,-117.607375,99,764,84
19-39J,6/14/19,antonius,37,19-39,21.32,seed,0,0,30,22,3,5,50,47,3,0,1701.4,165,34.3583667,-117.607376,99,764,84
19-40A,6/16/19,yuccanus,100+,19-40,29.54,seed,0,0,30,5,25,0,5,4,1,0,1229.2,167,35.86455,-114.077867,148,238,39
19-40C,6/16/19,yuccanus,57,19-40,36.41,seed,0,0,30,2,28,0,30,26,4,0,1229.2,167,35.86455,-114.077869,148,238,39
19-40D,6/16/19,yuccanus,~100,19-40,23.49,seed,0,0,30,17,9,4,50,40,10,0,1229.2,167,35.86455,-114.07787,148,238,39
19-40E,6/16/19,yuccanus,53,19-40,21.92,seed,1.32990812,0.845828833,30,21,4,5,50,38,12,1,1229.2,167,35.86455,-114.077871,148,238,39
19-40F,6/16/19,yuccanus,55,19-40,42.88,seed,0.17512819,0.16137724,30,4,20,6,0,NA,NA,1,1229.2,167,35.86455,-114.077872,148,238,39
19-40H,6/16/19,yuccanus,13,19-40,30.56,seed,0.3432309,0.295077831,16,7,3,6,50,48,2,1,1229.2,167,35.86455,-114.077874,148,238,39
19-40I,6/16/19,yuccanus,100+,19-40,42.28,seed,0.86919355,0.625507081,30,18,9,3,50,44,6,1,1229.2,167,35.86455,-114.077875,148,238,39
19-41A,6/16/19,yuccanus,21,19-41,39.18,seed,0,0,NA,NA,NA,NA,0,NA,NA,0,1046.1,167,35.6616333,-114.213867,164,182,39
19-41B,6/16/19,yuccanus,16,19-41,41.5,seed,3.14095206,1.420925728,NA,NA,NA,NA,50,47,3,1,1046.1,167,35.6616333,-114.213868,164,182,39
19-41C,6/16/19,yuccanus,31,19-41,37.45,seed,0.76516975,0.568246861,NA,NA,NA,NA,50,43,7,1,1046.1,167,35.6616333,-114.213869,164,182,39
19-41D,6/16/19,yuccanus,50-100,19-41,35.54,seed,3.31833748,1.462870486,NA,NA,NA,NA,50,47,3,1,1046.1,167,35.6616333,-114.21387,164,182,39
19-41E,6/16/19,yuccanus,20-50,19-41,43.06,seed,7.02855409,2.083004448,NA,NA,NA,NA,50,48,2,1,1046.1,167,35.6616333,-114.213871,164,182,39
19-41H,6/16/19,yuccanus,50-100,19-41,38.46,seed,2.18816048,1.159444098,NA,NA,NA,NA,50,48,2,1,1046.1,167,35.6616333,-114.213874,164,182,39
19-41I,6/16/19,yuccanus,50-100,19-41,41.04,seed,2.7874461,1.33169194,NA,NA,NA,NA,50,42,8,1,1046.1,167,35.6616333,-114.213875,164,182,39
19-41J,6/16/19,yuccanus,32,19-41,34.17,seed,2.66153637,1.297882833,NA,NA,NA,NA,50,47,3,1,1046.1,167,35.6616333,-114.213876,164,182,39
19-43A,6/17/19,palans,18,19-43,16.64,seed,14.72582769,2.755304436,NA,NA,NA,NA,24,18,6,1,1193.1,168,37.27205,-113.8897,134,274,31
19-43L,6/17/19,palans,33,19-43,24.15,seed,0,0,NA,NA,NA,NA,50,34,16,0,1193.1,168,37.27205,-113.8899,134,274,31
19-43C,6/17/19,palans,20-50,19-43,24.42,seed,0,0,NA,NA,NA,NA,NA,NA,NA,0,1193.1,168,37.27205,-113.89,134,274,31
19-43F,6/17/19,palans,<10,19-43,19.72,seed,0,0,NA,NA,NA,NA,34,33,1,0,1193.1,168,37.27205,-113.8902,134,274,31
19-43I,6/17/19,palans,20-50,19-43,26,seed,14.95908363,2.770028174,NA,NA,NA,NA,50,50,0,1,1193.1,168,37.27205,-113.8903,134,274,31
19-43N,6/17/19,palans,100+,19-43,30.8,seed,11.61820105,2.535140299,NA,NA,NA,NA,16,3,13,1,1193.1,168,37.27205,-113.8904,134,274,31
19-43O,6/17/19,palans,26,19-43,18.67,seed,7.38367887,2.126286824,NA,NA,NA,NA,50,39,11,1,1193.1,168,37.27205,-113.8905,134,274,31
19-43K,6/17/19,palans,30,19-43,28.61,seed,5.21714424,1.827310676,NA,NA,NA,NA,50,45,5,1,1193.1,168,37.27205,-113.8908,134,274,31
19-43V,6/17/19,palans,20-50,19-43,18.78,seed,8.02280867,2.199755668,NA,NA,NA,NA,50,27,23,1,1193.1,168,37.27205,-113.8913,134,274,31
19-43G,6/17/19,palans,20-10,19-43,19.99,seed,0,0,NA,NA,NA,NA,50,29,21,0,1193.1,168,37.27205,-113.8914,134,274,31
19-43L,6/17/19,palans,<10,19-43,24.15,seed,0,0,NA,NA,NA,NA,50,34,16,0,1193.1,168,37.27205,-113.8915,134,274,31
19-43W,6/17/19,palans,20-50,19-43,31.69,seed,8.06215869,2.204107358,NA,NA,NA,NA,50,39,11,1,1193.1,168,37.27205,-113.8916,134,274,31
19-43R,6/17/19,palans,20-50,19-43,26.99,seed,0,0,NA,NA,NA,NA,50,42,8,0,1193.1,168,37.27205,-113.8918,134,274,31
19-45A,6/17/19,vitreus,20-50,19-45,22.92,seed,4.22199176,1.652878892,30,3,16,11,50,42,8,1,1429.5,168,36.8780167,-112.64795,127,300,28
19-45E,6/17/19,vitreus,100+,19-45,29.67,seed,12.76561267,2.622173647,30,6,18,6,50,44,6,1,1429.5,168,36.8780167,-112.64799,127,300,28
19-45I,6/17/19,vitreus,20-10,19-45,28.87,seed,10.14424012,2.410922783,30,11,8,11,50,39,11,1,1429.5,168,36.8780167,-112.64804,127,300,28
19-45J,6/17/19,vitreus,20-50,19-45,28.16,seed,16.94500373,2.887311732,30,16,13,1,50,16,34,1,1429.5,168,36.8780167,-112.64806,127,300,28
19-46B,6/17/19,vitreus,100+,19-46,21.13,seed,13.32330056,2.661887621,30,15,13,2,50,42,8,1,1733.2,168,36.8700333,-112.324217,105,318,29
19-46C,6/17/19,vitreus,~50,19-46,28.79,seed,0,0,30,9,14,7,50,50,0,0,1733.2,168,36.8700333,-112.324218,105,318,29
19-46D,6/17/19,vitreus,31,19-46,22.43,seed,21.13561877,3.09718802,30,11,17,2,5,2,3,1,1733.2,168,36.8700333,-112.324219,105,318,29
19-46F,6/17/19,vitreus,100+,19-46,21.98,seed,15.37986503,2.796052838,30,14,16,0,50,46,4,1,1733.2,168,36.8700333,-112.324221,105,318,29
19-46H,6/17/19,vitreus,~50,19-46,26.28,seed,10.04557369,2.402029777,30,7,23,0,50,38,12,1,1733.2,168,36.8700333,-112.324223,105,318,29
19-46L,6/17/19,vitreus,~90,19-46,29.96,seed,12.17528976,2.578343087,30,14,16,0,50,32,18,1,1733.2,168,36.8700333,-112.324227,105,318,29
19-47M,6/18/19,wilsonii,13,19-47,27.65,seed,14.92251827,2.767734351,12,12,0,0,50,50,0,1,1175.5,169,34.6783833,-111.739483,158,434,38
19-47N,6/18/19,wilsonii,11,19-47,32.01,seed,0,0,11,10,1,0,50,50,0,0,1175.5,169,34.6783833,-111.739484,158,434,38
19-47A,6/18/19,wilsonii,50-100,19-47,31.25,seed,0,0,30,29,1,0,50,45,5,0,1175.5,169,34.6783833,-111.739485,158,434,38
19-47B,6/18/19,wilsonii,20-30,19-47,31.8,seed,5.61119799,1.888764876,30,30,0,0,50,50,0,1,1175.5,169,34.6783833,-111.739486,158,434,38
19-47C,6/18/19,wilsonii,20-50,19-47,27.5,seed,6.24662699,1.980536118,30,30,0,0,50,50,0,1,1175.5,169,34.6783833,-111.739487,158,434,38
19-47D,6/18/19,wilsonii,20-50,19-47,33.97,seed,7.9093105,2.187096854,30,30,0,0,50,50,0,1,1175.5,169,34.6783833,-111.739488,158,434,38
19-47E,6/18/19,wilsonii,50-100,19-47,40.71,seed,10.48872516,2.441366134,30,29,1,0,50,50,0,1,1175.5,169,34.6783833,-111.739489,158,434,38
19-47F,6/18/19,wilsonii,10,19-47,28.21,seed,0,0,11,11,0,0,50,50,0,0,1175.5,169,34.6783833,-111.73949,158,434,38
19-47G,6/18/19,wilsonii,20-30,19-47,28.58,seed,7.64580422,2.157074142,30,28,2,0,50,50,0,1,1175.5,169,34.6783833,-111.739491,158,434,38
19-47H,6/18/19,wilsonii,20-10,19-47,40.6,seed,7.59166969,2.150793093,24,12,2,8,50,48,2,1,1175.5,169,34.6783833,-111.739492,158,434,38
19-47I,6/18/19,wilsonii,25,19-47,39.66,seed,7.50445093,2.140589665,27,25,2,0,50,50,0,1,1175.5,169,34.6783833,-111.739493,158,434,38
19-47J,6/18/19,wilsonii,20-50,19-47,36.77,seed,9.01411821,2.303995918,30,26,4,0,50,50,0,1,1175.5,169,34.6783833,-111.739494,158,434,38
19-47K,6/18/19,wilsonii,20-10,19-47,34.31,seed,8.97712631,2.300295104,16,14,2,0,50,50,0,1,1175.5,169,34.6783833,-111.739495,158,434,38
19-47L,6/18/19,wilsonii,25,19-47,32.96,seed,0.71410308,0.538889958,26,25,0,1,50,50,0,1,1175.5,169,34.6783833,-111.739496,158,434,38
19-47P,6/18/19,wilsonii,25,19-47,34.03,seed,2.34778535,1.208299038,30,30,0,0,50,50,0,1,1175.5,169,34.6783833,-111.739498,158,434,38
19-48D,6/18/19,wilsonii,31,19-48,22.21,seed,9.5137514,2.352684057,30,26,2,2,50,50,0,1,1125.1,169,34.7148667,-111.77862,157,437,38
19-48E,6/18/19,wilsonii,20,19-48,32.68,seed,5.59738405,1.886673214,20,18,1,1,50,25,25,1,1125.1,169,34.7148667,-111.778621,157,437,38
19-48F,6/18/19,wilsonii,45,19-48,36.69,seed,9.71904804,2.372022349,30,27,1,2,50,44,6,1,1125.1,169,34.7148667,-111.778622,157,437,38
19-48G,6/18/19,wilsonii,15,19-48,31.19,seed,7.00935177,2.08060983,15,14,1,0,50,13,37,1,1125.1,169,34.7148667,-111.778623,157,437,38
19-48H,6/18/19,wilsonii,35,19-48,20.8,seed,9.14740325,2.317217835,30,26,1,3,50,27,23,1,1125.1,169,34.7148667,-111.778624,157,437,38
19-49A,6/18/19,wilsonii,28,19-49,30.83,seed,9.642774,2.364881164,24,22,2,0,50,45,5,1,1072.7,169,34.7404667,-111.921683,163,370,41
19-49B,6/18/19,wilsonii,23,19-49,26.95,seed,0.08121836,0.078088516,25,24,1,0,50,46,4,1,1072.7,169,34.7404667,-111.921684,163,370,41
19-49D,6/18/19,wilsonii,22,19-49,39.65,seed,10.35215407,2.429407512,22,18,2,2,50,44,6,1,1072.7,169,34.7404667,-111.921686,163,370,41
19-49F,6/18/19,wilsonii,~80,19-49,38,seed,0,0,30,30,0,0,50,24,26,0,1072.7,169,34.7404667,-111.921688,163,370,41
19-49G,6/18/19,wilsonii,62,19-49,31.29,seed,2.42847961,1.232116901,30,27,3,0,50,21,29,1,1072.7,169,34.7404667,-111.921689,163,370,41
19-49H,6/18/19,wilsonii,~60,19-49,33.46,seed,7.54512591,2.145361051,30,30,0,0,50,46,4,1,1072.7,169,34.7404667,-111.92169,163,370,41
19-49I,6/18/19,wilsonii,100+,19-49,29.16,seed,8.16590044,2.215490124,30,30,0,0,50,44,6,1,1072.7,169,34.7404667,-111.921691,163,370,41
19-49J,6/18/19,wilsonii,~70,19-49,33.1,seed,7.06251019,2.087224946,30,27,2,1,50,47,3,1,1072.7,169,34.7404667,-111.921692,163,370,41
19-49K,6/18/19,wilsonii,43,19-49,37.51,seed,0,0,30,30,0,0,50,50,0,0,1072.7,169,34.7404667,-111.921693,163,370,41
19-49L,6/18/19,wilsonii,16,19-49,30.14,seed,6.99241318,2.078492739,17,17,0,0,50,50,0,1,1072.7,169,34.7404667,-111.921694,163,370,41
19-49M,6/18/19,wilsonii,21,19-49,29.4,seed,0,0,19,15,4,0,50,43,7,0,1072.7,169,34.7404667,-111.921695,163,370,41
19-49N,6/18/19,wilsonii,~50,19-49,28.74,seed,13.74569317,2.690951052,30,28,1,1,50,44,6,1,1072.7,169,34.7404667,-111.921696,163,370,41
19-49O,6/18/19,wilsonii,15,19-49,36.89,seed,7.72453713,2.166139416,15,14,0,1,50,49,1,1,1072.7,169,34.7404667,-111.921697,163,370,41
19-51I,6/18/19,palans,20-10,19-51,29.37,seed,24.47388058,3.237653636,26,18,4,4,NA,NA,NA,1,1794.3,169,35.2937667,-111.341727,110,359,40
19-51L,6/18/19,palans,20-10,19-51,31.06,seed,16.89298004,2.884408459,24,19,3,2,NA,NA,NA,1,1794.3,169,35.2937667,-111.34173,110,359,40
19-51O,6/18/19,palans,20-50,19-51,29.72,seed,15.76960625,2.819568096,30,21,7,2,NA,NA,NA,1,1794.3,169,35.2937667,-111.341733,110,359,40
19-51P,6/18/19,palans,20-10,19-51,23.33,seed,22.26465345,3.146935189,30,28,0,2,NA,NA,NA,1,1794.3,169,35.2937667,-111.341734,110,359,40
19-51Q,6/18/19,palans,20-10,19-51,19.09,seed,0,0,21,13,3,5,NA,NA,NA,0,1794.3,169,35.2937667,-111.341735,110,359,40
19-51R,6/18/19,palans,20-50,19-51,15.78,seed,15.43224146,2.799245348,30,25,4,1,NA,NA,NA,1,1794.3,169,35.2937667,-111.341736,110,359,40
19-58F,6/24/19,araneosus,25-50,19-58,34.89,seed,8.13502318,2.212115727,30,27,2,1,50,43,7,1,1391.5,175,39.7915,-113.54675,97,196,25
19-58G,6/24/19,araneosus,25-50,19-58,36.01,seed,6.88640325,2.065140169,30,24,6,0,50,50,0,1,1391.5,175,39.7915,-113.54676,97,196,25
19-61D,6/24/19,araneosus,20-10,19-61,29.66,seed,4.93145371,1.780269328,30,19,9,2,50,50,0,1,1326.1,175,39.8398,-113.570867,104,175,30
19-61F,6/24/19,araneosus,20-50,19-61,31.2,seed,0,0,30,30,0,0,50,47,3,0,1326.1,175,39.8398,-113.570868,104,175,30
19-65A,6/26/19,fremontii,20-30,19-65,21.24,seed,7.63512188,2.155837826,30,0,4,26,50,29,21,1,809.5,177,36.52385,-114.941467,172,140,34
19-65B,6/26/19,fremontii,13,19-65,37.12,seed,0,0,13,3,0,10,50,49,1,0,809.5,177,36.52385,-114.941468,172,140,34
19-65D,6/26/19,fremontii,20-30,19-65,33.75,seed,0,0,30,14,6,10,50,50,0,0,809.5,177,36.52385,-114.94147,172,140,34
19-65E,6/26/19,fremontii,20-50,19-65,28.24,seed,0,0,30,13,5,12,50,42,8,0,809.5,177,36.52385,-114.941471,172,140,34
19-66B,7/16/19,fremontii,26,19-66,24.95,seed,3.52407764,1.50941372,27,19,4,4,50,44,6,1,2105,197,37.4252833,-117.608218,73,214,24
19-66C,7/16/19,fremontii,22,19-66,27.38,seed,6.65049301,2.034770092,23,11,8,4,15,11,4,1,2105,197,37.4252833,-117.608219,73,214,24
19-68A,7/17/19,floribundus,6,19-68,33.11,seed,4.04456872,1.618312164,6,5,1,0,16,16,0,1,1202.2,198,39.94715,-118.471933,108,133,25
19-68E,7/17/19,floribundus,14,19-68,32.1,seed,0,0,15,12,0,3,37,37,0,0,1202.2,198,39.94715,-118.471937,108,133,25
19-68F,7/17/19,floribundus,20-30,19-68,29.86,seed,4.99155774,1.790351435,30,27,2,1,50,50,0,1,1202.2,198,39.94715,-118.471938,108,133,25
19-69A,7/17/19,kennedyi,19,19-69,25.72,seed,1.1513135,0.766078586,20,17,0,3,50,35,15,1,1206.4,198,39.3859333,-118.858117,114,124,22
19-69G,7/17/19,kennedyi,23,19-69,26.77,seed,0,0,23,18,0,5,50,50,0,0,1206.4,198,39.3859333,-118.858123,114,124,22
19-69I,7/17/19,kennedyi,20,19-69,15.97,seed,0.79829236,0.586837526,23,17,3,3,37,37,0,1,1206.4,198,39.3859333,-118.858125,114,124,22
19-69J,7/17/19,kennedyi,14,19-69,22.38,seed,0.21366413,0.19364399,15,15,0,0,50,48,2,1,1206.4,198,39.3859333,-118.858126,114,124,22
19-70A,7/17/19,kennedyi,9,19-70,31.82,seed,0.47308484,0.387358733,9,7,0,2,50,50,0,1,1200.1,198,39.28985,-118.415383,112,124,24
19-70B,7/17/19,kennedyi,4,19-70,29.98,seed,1.0882694,0.736335685,4,2,1,1,27,27,0,1,1200.1,198,39.28985,-118.415384,112,124,24
19-70C,7/17/19,kennedyi,15,19-70,20.95,seed,0.76270506,0.566849595,15,10,1,4,30,30,0,1,1200.1,198,39.28985,-118.415385,112,124,24
19-70G,7/17/19,kennedyi,15,19-70,28.71,seed,0,0,15,12,1,2,50,50,0,0,1200.1,198,39.28985,-118.415389,112,124,24
19-70I,7/17/19,kennedyi,7,19-70,26.7,seed,0,0,7,3,0,4,30,30,0,0,1200.1,198,39.28985,-118.415391,112,124,24
19-71D,7/18/19,kennedyi,20-10,19-71,28.53,seed,1.04871242,0.717211508,26,22,3,1,50,50,0,1,1209.2,199,39.2858,-118.4098,112,124,24
19-71E,7/18/19,kennedyi,13,19-71,27.06,seed,0,0,14,9,2,3,24,24,0,0,1209.2,199,39.2858,-118.4099,112,124,24
19-71F,7/18/19,kennedyi,9,19-71,21.03,seed,2.90459501,1.362154067,8,5,0,3,50,50,0,1,1209.2,199,39.2858,-118.41,112,124,24
19-71G,7/18/19,kennedyi,20-50,19-71,23.04,seed,2.64066788,1.292167148,30,26,2,2,50,50,0,1,1209.2,199,39.2858,-118.4101,112,124,24
19-71H,7/18/19,kennedyi,11,19-71,30.16,seed,0,0,12,7,0,5,27,26,1,0,1209.2,199,39.2858,-118.4102,112,124,24
19-71I,7/18/19,kennedyi,25,19-71,26.69,seed,0,0,29,26,2,1,47,47,0,0,1209.2,199,39.2858,-118.4103,112,124,24
19-71J,7/18/19,kennedyi,15,19-71,26.01,seed,1.17300938,0.776113018,16,12,0,4,50,46,4,1,1209.2,199,39.2858,-118.4104,112,124,24
19-71K,7/18/19,kennedyi,15,19-71,23.68,seed,0,0,17,8,3,6,19,19,0,0,1209.2,199,39.2858,-118.4105,112,124,24
19-71L,7/18/19,kennedyi,10,19-71,26.95,seed,0.29923902,0.261778724,10,7,2,1,34,33,1,1,1209.2,199,39.2858,-118.4106,112,124,24
19-71M,7/18/19,kennedyi,15,19-71,22.03,seed,1.69558649,0.991615802,17,14,3,0,50,50,0,1,1209.2,199,39.2858,-118.4107,112,124,24
19-71N,7/18/19,kennedyi,20,19-71,32.35,seed,0.86994564,0.625909361,20,19,1,0,50,50,0,1,1209.2,199,39.2858,-118.4108,112,124,24
19-71O,7/18/19,kennedyi,17,19-71,29.96,seed,0.45085566,0.372153493,18,15,0,3,50,44,6,1,1209.2,199,39.2858,-118.4109,112,124,24
19-71P,7/18/19,kennedyi,10,19-71,23.27,seed,1.88249444,1.058656044,12,9,0,3,29,0,1,1,1209.2,199,39.2858,-118.411,112,124,24
19-71Q,7/18/19,kennedyi,19,19-71,28.71,seed,0.54776522,0.436812097,20,14,2,4,50,44,6,1,1209.2,199,39.2858,-118.4111,112,124,24
19-71R,7/18/19,kennedyi,9,19-71,29.59,seed,1.52941728,0.927988952,9,4,1,4,50,50,0,1,1209.2,199,39.2858,-118.4112,112,124,24
19-71S,7/18/19,kennedyi,17,19-71,30.82,seed,1.20424939,0.790387038,18,13,0,5,50,50,0,1,1209.2,199,39.2858,-118.4113,112,124,24
19-71T,7/18/19,kennedyi,17,19-71,23.68,seed,1.24474099,0.808590143,17,11,1,5,50,50,0,1,1209.2,199,39.2858,-118.4114,112,124,24
19-72A,7/18/19,fremontii,30-40,19-72,23.16,seed,4.85858737,1.767908511,30,16,3,1,50,49,1,1,1433.3,199,38.9020333,-118.012383,109,134,20
19-72B,7/18/19,fremontii,20-10,19-72,24.37,seed,1.35076023,0.854738778,25,25,0,0,36,34,2,1,1433.3,199,38.9020333,-118.012384,109,134,20
19-72C,7/18/19,fremontii,10,19-72,25.34,seed,1.45424383,0.897818702,10,10,0,0,50,50,0,1,1433.3,199,38.9020333,-118.012385,109,134,20
19-72D,7/18/19,fremontii,20-30,19-72,29.48,seed,1.91067516,1.068385068,30,19,6,5,50,48,2,1,1433.3,199,38.9020333,-118.012386,109,134,20
19-72E,7/18/19,fremontii,11,19-72,34.36,seed,0,0,11,8,3,0,50,50,0,0,1433.3,199,38.9020333,-118.012387,109,134,20
19-72F,7/18/19,fremontii,8,19-72,24.07,seed,0,0,9,7,0,2,50,50,0,0,1433.3,199,38.9020333,-118.012388,109,134,20
19-72G,7/18/19,fremontii,20-30,19-72,20.02,seed,2.01567629,1.103824113,30,27,0,3,50,50,0,1,1433.3,199,38.9020333,-118.012389,109,134,20
19-72H,7/18/19,fremontii,20-30,19-72,24.48,seed,3.48442047,1.500609272,30,27,2,1,50,28,22,1,1433.3,199,38.9020333,-118.01239,109,134,20
19-72I,7/18/19,fremontii,20-30,19-72,21.19,seed,5.48704966,1.86980783,30,27,0,3,50,47,3,1,1433.3,199,38.9020333,-118.012391,109,134,20
19-72J,7/18/19,fremontii,20-30,19-72,21.19,seed,3.75745361,1.559712569,29,23,5,1,50,50,0,1,1433.3,199,38.9020333,-118.012392,109,134,20
19-72L,7/18/19,fremontii,30-50,19-72,21.54,seed,7.61740676,2.1537842,30,24,4,2,50,44,6,1,1433.3,199,38.9020333,-118.012394,109,134,20
19-72M,7/18/19,fremontii,20-10,19-72,26.32,seed,2.69237651,1.306270291,16,12,1,3,50,43,7,1,1433.3,199,38.9020333,-118.012395,109,134,20
19-72N,7/18/19,fremontii,20-10,19-72,23.74,seed,1.64432587,0.972416163,24,21,1,2,50,50,0,1,1433.3,199,38.9020333,-118.012396,109,134,20
19-72O,7/18/19,fremontii,20-30,19-72,20.68,seed,3.812457,1.571207765,28,26,0,2,50,50,0,1,1433.3,199,38.9020333,-118.012397,109,134,20
19-72P,7/18/19,fremontii,20-30,19-72,26.26,seed,0,0,30,23,1,6,50,50,0,0,1433.3,199,38.9020333,-118.012398,109,134,20
19-72Q,7/18/19,fremontii,20-30,19-72,26.15,seed,3.92412231,1.594146048,30,26,2,2,50,48,2,1,1433.3,199,38.9020333,-118.012399,109,134,20
19-72R,7/18/19,fremontii,20-50,19-72,19.82,seed,6.18509636,1.972008931,30,30,0,0,50,50,0,1,1433.3,199,38.9020333,-118.0124,109,134,20
19-72S,7/18/19,fremontii,20-50,19-72,35.48,seed,0,0,30,27,0,3,50,50,0,0,1433.3,199,38.9020333,-118.012401,109,134,20
19-72T,7/18/19,fremontii,30-40,19-72,18.46,seed,5.21212396,1.82650286,30,26,1,3,50,50,0,1,1433.3,199,38.9020333,-118.012402,109,134,20
19-73D,7/19/19,salinus,8,19-73,21.98,seed,5.44464587,1.863249688,8,5,2,1,50,50,0,1,1572.1,200,41.12605,-117.757536,77,267,29
19-73F,7/19/19,salinus,20-50,19-73,22.61,seed,5.77113268,1.912668382,30,26,2,2,50,39,11,1,1572.1,200,41.12605,-117.757533,77,267,29
19-74A,7/19/19,salinus,20-10,19-74,22.17,seed,4.46677214,1.69868834,21,14,4,3,50,23,27,1,1439.6,200,41.023936,-117.738648,93,218,30
19-74C,7/19/19,salinus,20-10,19-74,16.44,seed,0,0,25,25,0,0,50,50,0,0,1439.6,200,41.023936,-117.73865,93,218,30
19-74D,7/19/19,salinus,20-10,19-74,28.09,seed,0,0,30,30,0,0,50,50,0,0,1439.6,200,41.023936,-117.738651,93,218,30
19-74E,7/19/19,salinus,20-10,19-74,15.91,seed,0,0,30,29,0,1,50,42,8,0,1439.6,200,41.023936,-117.738652,93,218,30
19-74F,7/19/19,salinus,20-50,19-74,23.32,seed,0,0,30,23,5,2,50,45,5,0,1439.6,200,41.023936,-117.738653,93,218,30
19-74J,7/19/19,salinus,20-10,19-74,22.93,seed,10.06683372,2.403952682,26,18,3,5,50,29,21,1,1439.6,200,41.023936,-117.738657,93,218,30
19-74K,7/19/19,salinus,20-10,19-74,21.78,seed,0,0,30,19,5,6,50,46,4,0,1439.6,200,41.023936,-117.738658,93,218,30
19-75A,7/20/19,floribundus,20-10,19-75,19.83,seed,2.99271372,1.38447113,30,23,3,4,50,28,22,1,1202.6,201,40.7175667,-119.33365,90,226,29
19-75B,7/20/19,floribundus,20-10,19-75,17.82,seed,4.8527856,1.766917719,26,15,6,5,50,43,7,1,1202.6,201,40.7175667,-119.33366,90,226,29
19-75C,7/20/19,floribundus,20-50,19-75,24.73,seed,4.89310935,1.773783762,30,20,5,5,50,48,2,1,1202.6,201,40.7175667,-119.33367,90,226,29
19-75E,7/20/19,floribundus,20-50,19-75,22.38,seed,0,0,30,19,9,2,50,40,10,0,1202.6,201,40.7175667,-119.33369,90,226,29
19-75F,7/20/19,floribundus,20-50,19-75,21.22,seed,7.23877171,2.108851268,30,19,10,1,50,42,8,1,1202.6,201,40.7175667,-119.3337,90,226,29
19-75G,7/20/19,floribundus,20-50,19-75,23.91,seed,2.60930759,1.283515951,30,18,10,2,50,31,19,1,1202.6,201,40.7175667,-119.33371,90,226,29
19-75I,7/20/19,floribundus,20-10,19-75,22.89,seed,3.74244306,1.556552416,30,22,6,2,21,18,3,1,1202.6,201,40.7175667,-119.33373,90,226,29
19-75J,7/20/19,floribundus,20-10,19-75,22.03,seed,2.72610919,1.315364577,26,14,6,6,48,37,11,1,1202.6,201,40.7175667,-119.33374,90,226,29
19-75M,7/20/19,floribundus,20-50,19-75,19.36,seed,3.21340029,1.438269992,30,15,13,2,50,47,3,1,1202.6,201,40.7175667,-119.33377,90,226,29
19-75N,7/20/19,floribundus,20-50,19-75,22.83,seed,2.58433664,1.276573419,30,14,11,5,48,42,6,1,1202.6,201,40.7175667,-119.33378,90,226,29
19-75P,7/20/19,floribundus,20-50,19-75,19.56,seed,3.99048637,1.607533374,30,14,8,8,48,37,11,1,1202.6,201,40.7175667,-119.3338,90,226,29
19-75Q,7/20/19,floribundus,20-50,19-75,24.08,seed,7.29913869,2.116151737,30,20,5,5,50,33,17,1,1202.6,201,40.7175667,-119.33381,90,226,29
19-75R,7/20/19,floribundus,20-10,19-75,27.97,seed,0,0,NA,NA,NA,NA,NA,NA,NA,0,1202.6,201,40.7175667,-119.33382,90,226,29
19-75S,7/20/19,floribundus,20-10,19-75,20.15,seed,3.0800334,1.406105175,30,20,5,5,50,23,27,1,1202.6,201,40.7175667,-119.33383,90,226,29
19-76A,7/20/19,salinus,20-10,19-76,19.22,seed,7.62929804,2.155163162,14,6,3,5,50,46,4,1,1249.6,201,40.7607333,-119.488133,100,219,31
19-76B,7/20/19,salinus,20-10,19-76,24.6,seed,15.01565083,2.773566421,20,11,5,4,50,41,9,1,1249.6,201,40.7607333,-119.488134,100,219,31
19-76C,7/20/19,salinus,20-10,19-76,25.78,seed,6.79581729,2.053587345,18,14,2,2,50,33,17,1,1249.6,201,40.7607333,-119.488135,100,219,31
19-76D,7/20/19,salinus,20-50,19-76,24.99,seed,6.72675954,2.044689569,29,19,7,3,50,18,32,1,1249.6,201,40.7607333,-119.488136,100,219,31
19-76E,7/20/19,salinus,20-50,19-76,31.01,seed,14.30996958,2.728504223,30,24,6,0,50,15,35,1,1249.6,201,40.7607333,-119.488137,100,219,31
19-76F,7/20/19,salinus,20-10,19-76,24.85,seed,15.84933912,2.824311435,30,25,2,3,50,46,4,1,1249.6,201,40.7607333,-119.488138,100,219,31
19-76G,7/20/19,salinus,20-50,19-76,26.02,seed,12.52843279,2.604793603,30,20,7,3,50,21,29,1,1249.6,201,40.7607333,-119.488139,100,219,31
19-76H,7/20/19,salinus,20-50,19-76,20.68,seed,19.84763483,3.037240504,30,27,2,1,50,44,6,1,1249.6,201,40.7607333,-119.48814,100,219,31
19-76I,7/20/19,salinus,20-50,19-76,28.51,seed,4.12957493,1.635022796,30,21,7,2,50,48,2,1,1249.6,201,40.7607333,-119.488141,100,219,31
19-76J,7/20/19,salinus,20-50,19-76,15.53,seed,0,0,30,25,4,1,50,40,10,0,1249.6,201,40.7607333,-119.488142,100,219,31
19-76K,7/20/19,salinus,20-50,19-76,28.45,seed,11.84701427,2.553111432,30,23,3,4,50,34,16,1,1249.6,201,40.7607333,-119.488143,100,219,31
19-76L,7/20/19,salinus,20-50,19-76,25.02,seed,0,0,30,19,8,3,50,43,7,0,1249.6,201,40.7607333,-119.488144,100,219,31
19-76M,7/20/19,salinus,20-50,19-76,18.17,seed,7.05762298,2.086618597,30,28,0,2,50,50,0,1,1249.6,201,40.7607333,-119.488145,100,219,31
19-76O,7/20/19,salinus,20-50,19-76,26.01,seed,8.55394751,2.256954421,30,21,7,2,50,23,27,1,1249.6,201,40.7607333,-119.488147,100,219,31
19-76P,7/20/19,salinus,50-100,19-76,21.91,seed,8.12837052,2.211387203,30,12,15,3,50,24,26,1,1249.6,201,40.7607333,-119.488148,100,219,31
19-76Q,7/20/19,salinus,20-50,19-76,30.05,seed,6.65910259,2.035894822,30,19,6,5,50,27,23,1,1249.6,201,40.7607333,-119.488149,100,219,31
19-76R,7/20/19,salinus,20-50,19-76,26.69,seed,14.52104669,2.742196954,30,20,6,4,50,38,12,1,1249.6,201,40.7607333,-119.48815,100,219,31
19-76S,7/20/19,salinus,50-100,19-76,47.35,seed,8.77334739,2.279659027,30,27,2,1,50,45,5,1,1249.6,201,40.7607333,-119.488151,100,219,31
19-76T,7/20/19,salinus,20-50,19-76,35.22,seed,26.1533216,3.301499381,30,20,8,2,50,42,8,1,1249.6,201,40.7607333,-119.488152,100,219,31
19-77A,7/20/19,salinus,20-10,19-77,33.43,seed,10.21467905,2.41722355,14,4,7,3,44,40,4,1,1195.2,201,40.6107667,-119.709617,107,230,37
19-77C,7/20/19,salinus,20-10,19-77,30.92,seed,3.90993452,1.591260606,30,19,6,5,50,46,4,1,1195.2,201,40.6107667,-119.709619,107,230,37
19-77D,7/20/19,salinus,20-10,19-77,24.34,seed,7.91009606,2.187185023,14,11,0,3,50,10,40,1,1195.2,201,40.6107667,-119.70962,107,230,37
19-77E,7/20/19,salinus,20-10,19-77,30.43,seed,17.92795053,2.940639694,15,10,2,3,11,7,4,1,1195.2,201,40.6107667,-119.709621,107,230,37
19-77G,7/20/19,salinus,20-50,19-77,32.07,seed,20.10761938,3.049634083,30,19,7,4,50,36,14,1,1195.2,201,40.6107667,-119.709623,107,230,37
19-77H,7/20/19,salinus,50-100,19-77,26.35,seed,12.32568252,2.58969319,30,12,13,5,50,11,39,1,1195.2,201,40.6107667,-119.709624,107,230,37
19-77I,7/20/19,salinus,20-50,19-77,28.85,seed,8.11607208,2.210039018,30,15,12,3,50,28,22,1,1195.2,201,40.6107667,-119.709625,107,230,37
19-77J,7/20/19,salinus,20-50,19-77,29.22,seed,12.1528523,2.57663864,30,2,26,2,50,20,30,1,1195.2,201,40.6107667,-119.709626,107,230,37
19-78A,7/21/19,floribundus,20-10,19-78,15.49,seed,0,0,23,12,4,7,20,20,0,0,1976,202,38.0806167,-119.044883,69,324,50
19-78B,7/21/19,floribundus,20-50,19-78,16.78,seed,10.61258761,2.452089649,30,22,5,3,15,15,0,1,1976,202,38.0806167,-119.044884,69,324,50
19-78C,7/21/19,floribundus,20-50,19-78,25.06,seed,0,0,30,25,2,3,50,50,0,0,1976,202,38.0806167,-119.044885,69,324,50
19-78D,7/21/19,floribundus,20-10,19-78,22.26,seed,7.13665698,2.096379405,30,24,1,5,16,16,0,1,1976,202,38.0806167,-119.044886,69,324,50
19-78I,7/21/19,floribundus,20-10,19-78,20.76,seed,3.70622951,1.548887059,21,11,2,8,10,8,2,1,1976,202,38.0806167,-119.044891,69,324,50
19-78J,7/21/19,floribundus,20-10,19-78,21.24,seed,2.19959542,1.163024371,26,19,1,6,48,46,2,1,1976,202,38.0806167,-119.044892,69,324,50
19-79B,7/21/19,floribundus,20-10,19-79,20.68,seed,8.23930391,2.223466548,30,21,5,4,0,0,0,1,2068.1,202,38.1112333,-118.834034,67,263,42
19-79D,7/21/19,floribundus,20-50,19-79,26.79,seed,0,0,30,18,12,0,50,50,0,0,2068.1,202,38.1112333,-118.834036,67,263,42
19-79E,7/21/19,floribundus,20-10,19-79,24.13,seed,4.35034476,1.677161,13,10,2,1,50,48,2,1,2068.1,202,38.1112333,-118.834037,67,263,42
19-79G,7/21/19,floribundus,20-50,19-79,24.46,seed,10.61783694,2.452541584,30,18,9,3,16,16,0,1,2068.1,202,38.1112333,-118.834039,67,263,42
19-80A,7/21/19,ineptus,19,19-80,21.72,seed,0,0,21,21,0,0,50,48,2,0,2076.3,202,37.6801667,-118.742583,70,327,54
19-80B,7/21/19,ineptus,20-50,19-80,23,seed,0,0,30,28,0,2,50,50,0,0,2076.3,202,37.6801667,-118.742584,70,327,54
19-80C,7/21/19,ineptus,20-50,19-80,24.8,seed,0,0,30,30,0,0,50,50,0,0,2076.3,202,37.6801667,-118.742585,70,327,54
19-80D,7/21/19,ineptus,20-50,19-80,33.43,seed,0,0,30,28,1,1,50,50,0,0,2076.3,202,37.6801667,-118.742586,70,327,54
19-80E,7/21/19,ineptus,21,19-80,25.55,seed,0,0,26,26,0,0,50,46,4,0,2076.3,202,37.6801667,-118.742587,70,327,54
19-80F,7/21/19,ineptus,17,19-80,22.27,seed,0,0,17,17,0,0,42,42,0,0,2076.3,202,37.6801667,-118.742588,70,327,54
19-81A,7/22/19,floribundus,20-50,19-81,26.78,seed,0,0,30,25,4,1,50,46,4,0,2100,203,37.6961,-118.815483,68,363,58
19-81C,7/22/19,floribundus,10,19-81,18.37,seed,0,0,11,11,0,0,50,50,0,0,2100,203,37.6961,-118.815485,68,363,58
19-81E,7/22/19,floribundus,20-50,19-81,24.49,seed,0,0,30,29,0,1,50,46,4,0,2100,203,37.6961,-118.815487,68,363,58
19-81F,7/22/19,floribundus,20-50,19-81,23.25,seed,0,0,30,28,0,2,50,50,0,0,2100,203,37.6961,-118.815488,68,363,58
19-81G,7/22/19,floribundus,20-50,19-81,24.33,seed,0,0,30,27,1,2,50,45,5,0,2100,203,37.6961,-118.815489,68,363,58
19-81H,7/22/19,floribundus,20-50,19-81,18.71,seed,0,0,30,28,2,0,50,0,0,0,2100,203,37.6961,-118.81549,68,363,58
19-81I,7/22/19,floribundus,20-50,19-81,28.82,seed,0,0,30,27,0,3,50,43,7,0,2100,203,37.6961,-118.815491,68,363,58
19-81J,7/22/19,floribundus,20-50,19-81,24.03,seed,0,0,30,21,7,2,50,18,32,0,2100,203,37.6961,-118.815492,68,363,58
19-82A,7/22/19,semotus,100+,19-82,36.52,seed,3.46184185,1.495561652,30,21,5,4,50,50,0,1,2091.3,203,37.7124333,-118.771817,68,335,55
19-82B,7/22/19,semotus,20-50,19-82,31.63,seed,3.71215964,1.550146325,30,23,3,4,50,50,0,1,2091.3,203,37.7124333,-118.771818,68,335,55
19-82C,7/22/19,semotus,50-100,19-82,21.67,seed,3.13583238,1.419688609,30,9,17,4,42,39,3,1,2091.3,203,37.7124333,-118.771819,68,335,55
19-82D,7/22/19,semotus,20-10,19-82,28.77,seed,1.50701378,0.919092316,30,25,2,3,50,49,1,1,2091.3,203,37.7124333,-118.77182,68,335,55
19-82E,7/22/19,semotus,20-50,19-82,25.28,seed,5.17501494,1.820511302,30,22,5,3,50,48,2,1,2091.3,203,37.7124333,-118.771821,68,335,55
19-82F,7/22/19,semotus,20-50,19-82,30.89,seed,0,0,30,26,0,4,50,50,0,0,2091.3,203,37.7124333,-118.771822,68,335,55
19-82G,7/22/19,semotus,20-50,19-82,33.65,seed,0,0,30,30,0,0,50,42,8,0,2091.3,203,37.7124333,-118.771823,68,335,55
19-82H,7/22/19,semotus,20-50,19-82,25.38,seed,3.21387946,1.43838371,30,25,4,1,50,50,0,1,2091.3,203,37.7124333,-118.771824,68,335,55
19-82I,7/22/19,semotus,20-50,19-82,29.99,seed,0,0,30,26,1,3,50,50,0,0,2091.3,203,37.7124333,-118.771825,68,335,55
19-82J,7/22/19,semotus,20-50,19-82,28.94,seed,1.35625264,0.857072493,30,25,3,2,50,50,0,1,2091.3,203,37.7124333,-118.771826,68,335,55
19-82K,7/22/19,semotus,20-10,19-82,37.77,seed,0,0,24,22,0,2,50,50,0,0,2091.3,203,37.7124333,-118.771827,68,335,55
19-82L,7/22/19,semotus,20-50,19-82,28.27,seed,1.8205695,1.036938815,30,23,3,4,50,50,0,1,2091.3,203,37.7124333,-118.771828,68,335,55
19-82M,7/22/19,semotus,20-10,19-82,25.76,seed,0,0,20,20,0,0,50,50,0,0,2091.3,203,37.7124333,-118.771829,68,335,55
19-82N,7/22/19,semotus,20-10,19-82,34.21,seed,0,0,29,29,0,0,50,50,0,0,2091.3,203,37.7124333,-118.77183,68,335,55
19-82O,7/22/19,semotus,20-10,19-82,28.19,seed,0,0,30,22,5,3,33,32,1,0,2091.3,203,37.7124333,-118.771831,68,335,55
19-83A,7/23/19,ineptus,20-50,19-83,24.68,seed,2.00667596,1.100835136,30,27,0,3,50,44,6,1,2097.9,204,37.2569,-118.157267,74,250,43
19-83B,7/23/19,ineptus,20-50,19-83,27.53,seed,0.143042,0.13369313,30,24,2,4,50,46,4,1,2097.9,204,37.2569,-118.157268,74,250,43
19-83C,7/23/19,ineptus,20-50,19-83,29.73,seed,0,0,30,27,1,2,50,46,4,0,2097.9,204,37.2569,-118.157269,74,250,43
19-83D,7/23/19,ineptus,20-50,19-83,21.44,seed,1.05148798,0.718565374,30,27,1,2,50,48,2,1,2097.9,204,37.2569,-118.15727,74,250,43
19-83E,7/23/19,ineptus,20-50,19-83,29.45,seed,0,0,30,26,1,3,50,50,0,0,2097.9,204,37.2569,-118.157271,74,250,43
19-83F,7/23/19,ineptus,20-50,19-83,25.55,seed,1.68781143,0.988727268,30,26,0,4,50,50,0,1,2097.9,204,37.2569,-118.157272,74,250,43
19-83G,7/23/19,ineptus,20-50,19-83,26.22,seed,1.25440036,0.812884022,30,30,0,0,50,50,0,1,2097.9,204,37.2569,-118.157273,74,250,43
19-83H,7/23/19,ineptus,20-10,19-83,21.86,seed,1.85340617,1.048513428,15,14,0,1,40,41,9,1,2097.9,204,37.2569,-118.157274,74,250,43
19-83I,7/23/19,ineptus,20-50,19-83,21.96,seed,0,0,30,26,1,3,50,43,7,0,2097.9,204,37.2569,-118.157275,74,250,43
19-83J,7/23/19,ineptus,20-50,19-83,33.07,seed,0.99942776,0.69286102,30,28,0,2,50,47,3,1,2097.9,204,37.2569,-118.157276,74,250,43
19-83K,7/23/19,ineptus,20-50,19-83,25.37,seed,0,0,30,23,2,5,50,0,0,0,2097.9,204,37.2569,-118.157277,74,250,43
19-83L,7/23/19,ineptus,20-50,19-83,21.82,seed,0,0,30,26,1,3,50,0,0,0,2097.9,204,37.2569,-118.157278,74,250,43
19-84A,7/23/19,ineptus,50-100,19-84,24.25,seed,1.87801999,1.057102554,30,20,6,4,50,44,6,1,2335.1,204,37.3105,-118.180467,60,277,42
19-84B,7/23/19,ineptus,20-50,19-84,22.6,seed,0.60700626,0.474372982,30,19,5,6,50,47,3,1,2335.1,204,37.3105,-118.180468,60,277,42
19-84C,7/23/19,ineptus,20-50,19-84,22.84,seed,1.63192313,0.967714807,30,21,5,4,50,45,5,1,2335.1,204,37.3105,-118.180469,60,277,42
19-84D,7/23/19,ineptus,20-50,19-84,19.31,seed,0.87579102,0.629030448,30,26,2,2,50,46,4,1,2335.1,204,37.3105,-118.18047,60,277,42
19-84E,7/23/19,ineptus,20-10,19-84,30.05,seed,1.25521959,0.813247347,26,23,2,1,50,43,7,1,2335.1,204,37.3105,-118.180471,60,277,42
19-84F,7/23/19,ineptus,20-50,19-84,21.51,seed,1.12416144,0.753377108,30,21,8,1,50,38,12,1,2335.1,204,37.3105,-118.180472,60,277,42
19-84G,7/23/19,ineptus,20-10,19-84,25.72,seed,0.99475526,0.690521366,28,21,6,1,50,38,12,1,2335.1,204,37.3105,-118.180473,60,277,42
19-84H,7/23/19,ineptus,20-50,19-84,26.91,seed,2.27575175,1.186547385,30,18,6,6,50,47,3,1,2335.1,204,37.3105,-118.180474,60,277,42
19-84I,7/23/19,ineptus,20-10,19-84,20.96,seed,2.27968812,1.187748333,30,27,2,1,50,50,0,1,2335.1,204,37.3105,-118.180475,60,277,42
19-84J,7/23/19,ineptus,20-50,19-84,28.69,seed,1.44558989,0.894286358,30,26,1,3,50,50,0,1,2335.1,204,37.3105,-118.180476,60,277,42
19-84K,7/23/19,ineptus,20-50,19-84,18.92,seed,1.17249632,0.775876884,30,20,6,4,50,26,24,1,2335.1,204,37.3105,-118.180477,60,277,42
19-84L,7/23/19,ineptus,20-10,19-84,32.57,seed,1.112313,0.747783556,30,22,3,5,50,50,0,1,2335.1,204,37.3105,-118.180478,60,277,42
19-86B,7/23/19,fremontii,20-10,19-86,28.67,seed,3.15036558,1.423196422,25,14,4,7,20,20,0,1,2283.5,204,37.13345,-118.05846,66,282,45
19-86D,7/23/19,fremontii,20-10,19-86,21.66,seed,2.15584775,1.14925716,28,14,8,6,46,43,3,1,2283.5,204,37.13345,-118.05848,66,282,45
19-86E,7/23/19,fremontii,20-10,19-86,23.94,seed,1.60482617,0.957365944,18,11,2,5,34,7,27,1,2283.5,204,37.13345,-118.05849,66,282,45
19-86G,7/23/19,fremontii,20-10,19-86,18.56,seed,4.05331715,1.620044889,19,5,3,11,50,40,10,1,2283.5,204,37.13345,-118.05851,66,282,45
19-86I,7/23/19,fremontii,20-10,19-86,16.41,seed,2.68601028,1.304544648,30,22,5,3,50,46,4,1,2283.5,204,37.13345,-118.05853,66,282,45
19-86J,7/23/19,fremontii,20-10,19-86,24.1,seed,0,0,24,5,7,12,50,44,6,0,2283.5,204,37.13345,-118.05854,66,282,45
19-86K,7/23/19,fremontii,20-50,19-86,33.59,seed,1.82362727,1.038022324,30,20,2,8,50,36,14,1,2283.5,204,37.13345,-118.05855,66,282,45
19-86M,7/23/19,fremontii,20-10,19-86,19.7,seed,2.438149,1.234933245,22,7,7,8,27,21,6,1,2283.5,204,37.13345,-118.05857,66,282,45
19-86O,7/23/19,fremontii,20-10,19-86,26.81,seed,0,0,30,8,6,16,50,43,7,0,2283.5,204,37.13345,-118.05859,66,282,45
19-87A,7/23/19,sierrae,0,19-87,27.67,seed,0,0,NA,NA,NA,NA,NA,NA,NA,0,2059,204,34.1575,-116.79611,68,702,70
19-87B,7/23/19,sierrae,0,19-87,22.15,seed,0,0,NA,NA,NA,NA,NA,NA,NA,0,2059,204,34.1575,-116.79611,68,702,70
19-87C,7/23/19,sierrae,0,19-87,23.9,seed,0,0,NA,NA,NA,NA,NA,NA,NA,0,2059,204,34.1575,-116.79611,68,702,70
19-87D,7/23/19,sierrae,0,19-87,22.72,seed,0,0,NA,NA,NA,NA,NA,NA,NA,0,2059,204,34.1575,-116.79611,68,702,70
19-87E,7/23/19,sierrae,0,19-87,23.37,seed,0,0,NA,NA,NA,NA,NA,NA,NA,0,2059,204,34.1575,-116.79611,68,702,70
19-87F,7/23/19,sierrae,0,19-87,24.88,seed,0,0,NA,NA,NA,NA,NA,NA,NA,0,2059,204,34.1575,-116.79611,68,702,70
19-87G,7/23/19,sierrae,0,19-87,22.13,seed,0,0,NA,NA,NA,NA,NA,NA,NA,0,2059,204,34.1575,-116.79611,68,702,70
19-87H,7/23/19,sierrae,0,19-87,20.12,seed,0,0,NA,NA,NA,NA,NA,NA,NA,0,2059,204,34.1575,-116.79611,68,702,70